"Problem","Package","File","Priority","Line","Description","Rule set","Rule"
"1","com.tgs.tgh.controller","src/main/java/com/tgs/tgh/controller/HomeController.java","3","22","UnusedImports: Avoid unused imports such as 'com.mongodb.util.JSON'","Best Practices","UnusedImports"
"2","com.tgs.tgh.controller","src/main/java/com/tgs/tgh/controller/HomeController.java","3","22","UnusedImports: Avoid unused imports such as 'com.mongodb.util.JSON'","Best Practices","UnusedImports"
"3","com.tgs.tgh.controller","src/main/java/com/tgs/tgh/controller/HomeController.java","4","30","TooManyMethods: This class has too many methods, consider refactoring it.","Design","TooManyMethods"
"4","com.tgs.tgh.controller","src/main/java/com/tgs/tgh/controller/HomeController.java","4","30","TooManyMethods: This class has too many methods, consider refactoring it.","Design","TooManyMethods"
"5","com.tgs.tgh.controller","src/main/java/com/tgs/tgh/controller/HomeController.java","2","47","SystemPrintln: System.out.println is used","Best Practices","SystemPrintln"
"6","com.tgs.tgh.controller","src/main/java/com/tgs/tgh/controller/HomeController.java","2","47","SystemPrintln: System.out.println is used","Best Practices","SystemPrintln"
"7","com.tgs.tgh.controller","src/main/java/com/tgs/tgh/controller/HomeController.java","2","49","SystemPrintln: System.out.println is used","Best Practices","SystemPrintln"
"8","com.tgs.tgh.controller","src/main/java/com/tgs/tgh/controller/HomeController.java","2","49","SystemPrintln: System.out.println is used","Best Practices","SystemPrintln"
"9","com.tgs.tgh.controller","src/main/java/com/tgs/tgh/controller/HomeController.java","2","51","SystemPrintln: System.out.println is used","Best Practices","SystemPrintln"
"10","com.tgs.tgh.controller","src/main/java/com/tgs/tgh/controller/HomeController.java","2","51","SystemPrintln: System.out.println is used","Best Practices","SystemPrintln"
"11","com.tgs.tgh.controller","src/main/java/com/tgs/tgh/controller/HomeController.java","2","53","SystemPrintln: System.out.println is used","Best Practices","SystemPrintln"
"12","com.tgs.tgh.controller","src/main/java/com/tgs/tgh/controller/HomeController.java","2","53","SystemPrintln: System.out.println is used","Best Practices","SystemPrintln"
"13","com.tgs.tgh.controller","src/main/java/com/tgs/tgh/controller/HomeController.java","3","57","OnlyOneReturn: A method should have only one exit point, and that should be the last statement in the method","Code Style","OnlyOneReturn"
"14","com.tgs.tgh.controller","src/main/java/com/tgs/tgh/controller/HomeController.java","3","57","OnlyOneReturn: A method should have only one exit point, and that should be the last statement in the method","Code Style","OnlyOneReturn"
"15","com.tgs.tgh.controller","src/main/java/com/tgs/tgh/controller/HomeController.java","2","61","SystemPrintln: System.out.println is used","Best Practices","SystemPrintln"
"16","com.tgs.tgh.controller","src/main/java/com/tgs/tgh/controller/HomeController.java","2","61","SystemPrintln: System.out.println is used","Best Practices","SystemPrintln"
"17","com.tgs.tgh.controller","src/main/java/com/tgs/tgh/controller/HomeController.java","2","83","SystemPrintln: System.out.println is used","Best Practices","SystemPrintln"
"18","com.tgs.tgh.controller","src/main/java/com/tgs/tgh/controller/HomeController.java","2","83","SystemPrintln: System.out.println is used","Best Practices","SystemPrintln"
"19","com.tgs.tgh.controller","src/main/java/com/tgs/tgh/controller/HomeController.java","1","97","AvoidThrowingRawExceptionTypes: Avoid throwing raw exception types.","Design","AvoidThrowingRawExceptionTypes"
"20","com.tgs.tgh.controller","src/main/java/com/tgs/tgh/controller/HomeController.java","1","97","AvoidThrowingRawExceptionTypes: Avoid throwing raw exception types.","Design","AvoidThrowingRawExceptionTypes"
"21","com.tgs.tgh.controller","src/main/java/com/tgs/tgh/controller/HomeController.java","3","97","ControlStatementBraces: This statement should have braces","Code Style","ControlStatementBraces"
"22","com.tgs.tgh.controller","src/main/java/com/tgs/tgh/controller/HomeController.java","3","97","ControlStatementBraces: This statement should have braces","Code Style","ControlStatementBraces"
"23","com.tgs.tgh.controller","src/main/java/com/tgs/tgh/controller/HomeController.java","2","104","SystemPrintln: System.out.println is used","Best Practices","SystemPrintln"
"24","com.tgs.tgh.controller","src/main/java/com/tgs/tgh/controller/HomeController.java","2","104","SystemPrintln: System.out.println is used","Best Practices","SystemPrintln"
"25","com.tgs.tgh.controller","src/main/java/com/tgs/tgh/controller/HomeController.java","2","132","SystemPrintln: System.out.println is used","Best Practices","SystemPrintln"
"26","com.tgs.tgh.controller","src/main/java/com/tgs/tgh/controller/HomeController.java","2","132","SystemPrintln: System.out.println is used","Best Practices","SystemPrintln"
"27","com.tgs.tgh.controller","src/main/java/com/tgs/tgh/controller/HomeController.java","2","134","SystemPrintln: System.out.println is used","Best Practices","SystemPrintln"
"28","com.tgs.tgh.controller","src/main/java/com/tgs/tgh/controller/HomeController.java","2","134","SystemPrintln: System.out.println is used","Best Practices","SystemPrintln"
"29","com.tgs.tgh.controller","src/main/java/com/tgs/tgh/controller/HomeController.java","2","136","SystemPrintln: System.out.println is used","Best Practices","SystemPrintln"
"30","com.tgs.tgh.controller","src/main/java/com/tgs/tgh/controller/HomeController.java","2","136","SystemPrintln: System.out.println is used","Best Practices","SystemPrintln"
"31","com.tgs.tgh.controller","src/main/java/com/tgs/tgh/controller/HomeController.java","3","137","OnlyOneReturn: A method should have only one exit point, and that should be the last statement in the method","Code Style","OnlyOneReturn"
"32","com.tgs.tgh.controller","src/main/java/com/tgs/tgh/controller/HomeController.java","3","137","OnlyOneReturn: A method should have only one exit point, and that should be the last statement in the method","Code Style","OnlyOneReturn"
"33","com.tgs.tgh.controller","src/main/java/com/tgs/tgh/controller/HomeController.java","2","140","SystemPrintln: System.out.println is used","Best Practices","SystemPrintln"
"34","com.tgs.tgh.controller","src/main/java/com/tgs/tgh/controller/HomeController.java","2","140","SystemPrintln: System.out.println is used","Best Practices","SystemPrintln"
"35","com.tgs.tgh.controller","src/main/java/com/tgs/tgh/controller/HomeController.java","3","141","OnlyOneReturn: A method should have only one exit point, and that should be the last statement in the method","Code Style","OnlyOneReturn"
"36","com.tgs.tgh.controller","src/main/java/com/tgs/tgh/controller/HomeController.java","3","141","OnlyOneReturn: A method should have only one exit point, and that should be the last statement in the method","Code Style","OnlyOneReturn"
"37","com.tgs.tgh.controller","src/main/java/com/tgs/tgh/controller/HomeController.java","2","162","SystemPrintln: System.out.println is used","Best Practices","SystemPrintln"
"38","com.tgs.tgh.controller","src/main/java/com/tgs/tgh/controller/HomeController.java","2","162","SystemPrintln: System.out.println is used","Best Practices","SystemPrintln"
"39","com.tgs.tgh.controller","src/main/java/com/tgs/tgh/controller/HomeController.java","2","178","SystemPrintln: System.out.println is used","Best Practices","SystemPrintln"
"40","com.tgs.tgh.controller","src/main/java/com/tgs/tgh/controller/HomeController.java","2","178","SystemPrintln: System.out.println is used","Best Practices","SystemPrintln"
"41","com.tgs.tgh.controller","src/main/java/com/tgs/tgh/controller/HomeController.java","3","181","OnlyOneReturn: A method should have only one exit point, and that should be the last statement in the method","Code Style","OnlyOneReturn"
"42","com.tgs.tgh.controller","src/main/java/com/tgs/tgh/controller/HomeController.java","3","181","OnlyOneReturn: A method should have only one exit point, and that should be the last statement in the method","Code Style","OnlyOneReturn"
"43","com.tgs.tgh.controller","src/main/java/com/tgs/tgh/controller/HomeController.java","2","190","SystemPrintln: System.out.println is used","Best Practices","SystemPrintln"
"44","com.tgs.tgh.controller","src/main/java/com/tgs/tgh/controller/HomeController.java","2","190","SystemPrintln: System.out.println is used","Best Practices","SystemPrintln"
"45","com.tgs.tgh.controller","src/main/java/com/tgs/tgh/controller/HomeController.java","3","194","OnlyOneReturn: A method should have only one exit point, and that should be the last statement in the method","Code Style","OnlyOneReturn"
"46","com.tgs.tgh.controller","src/main/java/com/tgs/tgh/controller/HomeController.java","3","194","OnlyOneReturn: A method should have only one exit point, and that should be the last statement in the method","Code Style","OnlyOneReturn"
"47","com.tgs.tgh.controller","src/main/java/com/tgs/tgh/controller/HomeController.java","2","215","SystemPrintln: System.out.println is used","Best Practices","SystemPrintln"
"48","com.tgs.tgh.controller","src/main/java/com/tgs/tgh/controller/HomeController.java","2","215","SystemPrintln: System.out.println is used","Best Practices","SystemPrintln"
"49","com.tgs.tgh.controller","src/main/java/com/tgs/tgh/controller/HomeController.java","2","221","SystemPrintln: System.out.println is used","Best Practices","SystemPrintln"
"50","com.tgs.tgh.controller","src/main/java/com/tgs/tgh/controller/HomeController.java","2","221","SystemPrintln: System.out.println is used","Best Practices","SystemPrintln"
"51","com.tgs.tgh.controller","src/main/java/com/tgs/tgh/controller/HomeController.java","2","229","SystemPrintln: System.out.println is used","Best Practices","SystemPrintln"
"52","com.tgs.tgh.controller","src/main/java/com/tgs/tgh/controller/HomeController.java","2","229","SystemPrintln: System.out.println is used","Best Practices","SystemPrintln"
"53","com.tgs.tgh.controller","src/main/java/com/tgs/tgh/controller/HomeController.java","3","230","OnlyOneReturn: A method should have only one exit point, and that should be the last statement in the method","Code Style","OnlyOneReturn"
"54","com.tgs.tgh.controller","src/main/java/com/tgs/tgh/controller/HomeController.java","3","230","OnlyOneReturn: A method should have only one exit point, and that should be the last statement in the method","Code Style","OnlyOneReturn"
"55","com.tgs.tgh.controller","src/main/java/com/tgs/tgh/controller/HomeController.java","2","246","SystemPrintln: System.out.println is used","Best Practices","SystemPrintln"
"56","com.tgs.tgh.controller","src/main/java/com/tgs/tgh/controller/HomeController.java","2","246","SystemPrintln: System.out.println is used","Best Practices","SystemPrintln"
"57","com.tgs.tgh.controller","src/main/java/com/tgs/tgh/controller/HomeController.java","2","256","SystemPrintln: System.out.println is used","Best Practices","SystemPrintln"
"58","com.tgs.tgh.controller","src/main/java/com/tgs/tgh/controller/HomeController.java","2","256","SystemPrintln: System.out.println is used","Best Practices","SystemPrintln"
"59","com.tgs.tgh.controller","src/main/java/com/tgs/tgh/controller/HomeController.java","2","258","SystemPrintln: System.out.println is used","Best Practices","SystemPrintln"
"60","com.tgs.tgh.controller","src/main/java/com/tgs/tgh/controller/HomeController.java","2","258","SystemPrintln: System.out.println is used","Best Practices","SystemPrintln"
"61","com.tgs.tgh.controller","src/main/java/com/tgs/tgh/controller/HomeController.java","2","260","SystemPrintln: System.out.println is used","Best Practices","SystemPrintln"
"62","com.tgs.tgh.controller","src/main/java/com/tgs/tgh/controller/HomeController.java","2","260","SystemPrintln: System.out.println is used","Best Practices","SystemPrintln"
"63","com.tgs.tgh.controller","src/main/java/com/tgs/tgh/controller/HomeController.java","2","280","SystemPrintln: System.out.println is used","Best Practices","SystemPrintln"
"64","com.tgs.tgh.controller","src/main/java/com/tgs/tgh/controller/HomeController.java","2","280","SystemPrintln: System.out.println is used","Best Practices","SystemPrintln"
"65","com.tgs.tgh.controller","src/main/java/com/tgs/tgh/controller/HomeController.java","2","300","SystemPrintln: System.out.println is used","Best Practices","SystemPrintln"
"66","com.tgs.tgh.controller","src/main/java/com/tgs/tgh/controller/HomeController.java","2","300","SystemPrintln: System.out.println is used","Best Practices","SystemPrintln"
"67","com.tgs.tgh.dao","src/main/java/com/tgs/tgh/dao/CitaDAO.java","4","14","UnnecessaryFullyQualifiedName: Unnecessary use of fully qualified name 'DBBroker.get' due to existing same package import 'com.tgs.tgh.dao.*'","Code Style","UnnecessaryFullyQualifiedName"
"68","com.tgs.tgh.dao","src/main/java/com/tgs/tgh/dao/CitaDAO.java","4","14","UnnecessaryFullyQualifiedName: Unnecessary use of fully qualified name 'DBBroker.get' due to existing same package import 'com.tgs.tgh.dao.*'","Code Style","UnnecessaryFullyQualifiedName"
"69","com.tgs.tgh.dao","src/main/java/com/tgs/tgh/dao/CitaDAO.java","4","18","UnnecessaryFullyQualifiedName: Unnecessary use of fully qualified name 'DBBroker.get' due to existing same package import 'com.tgs.tgh.dao.*'","Code Style","UnnecessaryFullyQualifiedName"
"70","com.tgs.tgh.dao","src/main/java/com/tgs/tgh/dao/CitaDAO.java","4","18","UnnecessaryFullyQualifiedName: Unnecessary use of fully qualified name 'DBBroker.get' due to existing same package import 'com.tgs.tgh.dao.*'","Code Style","UnnecessaryFullyQualifiedName"
"71","com.tgs.tgh.dao","src/main/java/com/tgs/tgh/dao/CitaDAO.java","1","20","AvoidThrowingRawExceptionTypes: Avoid throwing raw exception types.","Design","AvoidThrowingRawExceptionTypes"
"72","com.tgs.tgh.dao","src/main/java/com/tgs/tgh/dao/CitaDAO.java","1","20","AvoidThrowingRawExceptionTypes: Avoid throwing raw exception types.","Design","AvoidThrowingRawExceptionTypes"
"73","com.tgs.tgh.dao","src/main/java/com/tgs/tgh/dao/CitaDAO.java","3","20","ControlStatementBraces: This statement should have braces","Code Style","ControlStatementBraces"
"74","com.tgs.tgh.dao","src/main/java/com/tgs/tgh/dao/CitaDAO.java","3","20","ControlStatementBraces: This statement should have braces","Code Style","ControlStatementBraces"
"75","com.tgs.tgh.dao","src/main/java/com/tgs/tgh/dao/CitaDAO.java","2","24","SystemPrintln: System.out.println is used","Best Practices","SystemPrintln"
"76","com.tgs.tgh.dao","src/main/java/com/tgs/tgh/dao/CitaDAO.java","2","24","SystemPrintln: System.out.println is used","Best Practices","SystemPrintln"
"77","com.tgs.tgh.dao","src/main/java/com/tgs/tgh/dao/CitaDAO.java","4","25","UnnecessaryFullyQualifiedName: Unnecessary use of fully qualified name 'DBBroker.get' due to existing same package import 'com.tgs.tgh.dao.*'","Code Style","UnnecessaryFullyQualifiedName"
"78","com.tgs.tgh.dao","src/main/java/com/tgs/tgh/dao/CitaDAO.java","4","25","UnnecessaryFullyQualifiedName: Unnecessary use of fully qualified name 'DBBroker.get' due to existing same package import 'com.tgs.tgh.dao.*'","Code Style","UnnecessaryFullyQualifiedName"
"79","com.tgs.tgh.dao","src/main/java/com/tgs/tgh/dao/CitaDAO.java","1","27","AvoidThrowingRawExceptionTypes: Avoid throwing raw exception types.","Design","AvoidThrowingRawExceptionTypes"
"80","com.tgs.tgh.dao","src/main/java/com/tgs/tgh/dao/CitaDAO.java","1","27","AvoidThrowingRawExceptionTypes: Avoid throwing raw exception types.","Design","AvoidThrowingRawExceptionTypes"
"81","com.tgs.tgh.dao","src/main/java/com/tgs/tgh/dao/CitaDAO.java","3","27","ControlStatementBraces: This statement should have braces","Code Style","ControlStatementBraces"
"82","com.tgs.tgh.dao","src/main/java/com/tgs/tgh/dao/CitaDAO.java","3","27","ControlStatementBraces: This statement should have braces","Code Style","ControlStatementBraces"
"83","com.tgs.tgh.dao","src/main/java/com/tgs/tgh/dao/CitaDAO.java","4","32","UnnecessaryFullyQualifiedName: Unnecessary use of fully qualified name 'DBBroker.get' due to existing same package import 'com.tgs.tgh.dao.*'","Code Style","UnnecessaryFullyQualifiedName"
"84","com.tgs.tgh.dao","src/main/java/com/tgs/tgh/dao/CitaDAO.java","4","32","UnnecessaryFullyQualifiedName: Unnecessary use of fully qualified name 'DBBroker.get' due to existing same package import 'com.tgs.tgh.dao.*'","Code Style","UnnecessaryFullyQualifiedName"
"85","com.tgs.tgh.dao","src/main/java/com/tgs/tgh/dao/CitaDAO.java","3","33","UnnecessaryLocalBeforeReturn: Consider simply returning the value vs storing it in local variable 'citas'","Code Style","UnnecessaryLocalBeforeReturn"
"86","com.tgs.tgh.dao","src/main/java/com/tgs/tgh/dao/CitaDAO.java","3","33","UnnecessaryLocalBeforeReturn: Consider simply returning the value vs storing it in local variable 'citas'","Code Style","UnnecessaryLocalBeforeReturn"
"87","com.tgs.tgh.dao","src/main/java/com/tgs/tgh/dao/CitaDAO.java","4","38","UnnecessaryFullyQualifiedName: Unnecessary use of fully qualified name 'DBBroker.get' due to existing same package import 'com.tgs.tgh.dao.*'","Code Style","UnnecessaryFullyQualifiedName"
"88","com.tgs.tgh.dao","src/main/java/com/tgs/tgh/dao/CitaDAO.java","4","38","UnnecessaryFullyQualifiedName: Unnecessary use of fully qualified name 'DBBroker.get' due to existing same package import 'com.tgs.tgh.dao.*'","Code Style","UnnecessaryFullyQualifiedName"
"89","com.tgs.tgh.dao","src/main/java/com/tgs/tgh/dao/CitaDAO.java","3","39","UnnecessaryLocalBeforeReturn: Consider simply returning the value vs storing it in local variable 'citas'","Code Style","UnnecessaryLocalBeforeReturn"
"90","com.tgs.tgh.dao","src/main/java/com/tgs/tgh/dao/CitaDAO.java","3","39","UnnecessaryLocalBeforeReturn: Consider simply returning the value vs storing it in local variable 'citas'","Code Style","UnnecessaryLocalBeforeReturn"
"91","com.tgs.tgh.dao","src/main/java/com/tgs/tgh/dao/CitaDAO.java","3","43","LooseCoupling: Avoid using implementation types like 'ArrayList'; use the interface instead","Best Practices","LooseCoupling"
"92","com.tgs.tgh.dao","src/main/java/com/tgs/tgh/dao/CitaDAO.java","3","43","LooseCoupling: Avoid using implementation types like 'ArrayList'; use the interface instead","Best Practices","LooseCoupling"
"93","com.tgs.tgh.dao","src/main/java/com/tgs/tgh/dao/CitaDAO.java","4","44","UnnecessaryFullyQualifiedName: Unnecessary use of fully qualified name 'DBBroker.get' due to existing same package import 'com.tgs.tgh.dao.*'","Code Style","UnnecessaryFullyQualifiedName"
"94","com.tgs.tgh.dao","src/main/java/com/tgs/tgh/dao/CitaDAO.java","4","44","UnnecessaryFullyQualifiedName: Unnecessary use of fully qualified name 'DBBroker.get' due to existing same package import 'com.tgs.tgh.dao.*'","Code Style","UnnecessaryFullyQualifiedName"
"95","com.tgs.tgh.dao","src/main/java/com/tgs/tgh/dao/CitaDAO.java","2","45","SystemPrintln: System.out.println is used","Best Practices","SystemPrintln"
"96","com.tgs.tgh.dao","src/main/java/com/tgs/tgh/dao/CitaDAO.java","2","45","SystemPrintln: System.out.println is used","Best Practices","SystemPrintln"
"97","com.tgs.tgh.dao","src/main/java/com/tgs/tgh/dao/CitaDAO.java","2","48","SystemPrintln: System.out.println is used","Best Practices","SystemPrintln"
"98","com.tgs.tgh.dao","src/main/java/com/tgs/tgh/dao/CitaDAO.java","2","48","SystemPrintln: System.out.println is used","Best Practices","SystemPrintln"
"99","com.tgs.tgh.dao","src/main/java/com/tgs/tgh/dao/CitaDAO.java","3","58","LooseCoupling: Avoid using implementation types like 'ArrayList'; use the interface instead","Best Practices","LooseCoupling"
"100","com.tgs.tgh.dao","src/main/java/com/tgs/tgh/dao/CitaDAO.java","3","58","LooseCoupling: Avoid using implementation types like 'ArrayList'; use the interface instead","Best Practices","LooseCoupling"
"101","com.tgs.tgh.dao","src/main/java/com/tgs/tgh/dao/CitaDAO.java","4","59","UnnecessaryFullyQualifiedName: Unnecessary use of fully qualified name 'DBBroker.get' due to existing same package import 'com.tgs.tgh.dao.*'","Code Style","UnnecessaryFullyQualifiedName"
"102","com.tgs.tgh.dao","src/main/java/com/tgs/tgh/dao/CitaDAO.java","4","59","UnnecessaryFullyQualifiedName: Unnecessary use of fully qualified name 'DBBroker.get' due to existing same package import 'com.tgs.tgh.dao.*'","Code Style","UnnecessaryFullyQualifiedName"
"103","com.tgs.tgh.dao","src/main/java/com/tgs/tgh/dao/CitaDAO.java","3","60","UnnecessaryLocalBeforeReturn: Consider simply returning the value vs storing it in local variable 'citas'","Code Style","UnnecessaryLocalBeforeReturn"
"104","com.tgs.tgh.dao","src/main/java/com/tgs/tgh/dao/CitaDAO.java","3","60","UnnecessaryLocalBeforeReturn: Consider simply returning the value vs storing it in local variable 'citas'","Code Style","UnnecessaryLocalBeforeReturn"
"105","com.tgs.tgh.dao","src/main/java/com/tgs/tgh/dao/DBBroker.java","4","23","TooManyMethods: This class has too many methods, consider refactoring it.","Design","TooManyMethods"
"106","com.tgs.tgh.dao","src/main/java/com/tgs/tgh/dao/DBBroker.java","4","23","TooManyMethods: This class has too many methods, consider refactoring it.","Design","TooManyMethods"
"107","com.tgs.tgh.dao","src/main/java/com/tgs/tgh/dao/DBBroker.java","3","36","AccessorClassGeneration: Avoid instantiation through private constructors from outside of the constructors class.","Best Practices","AccessorClassGeneration"
"108","com.tgs.tgh.dao","src/main/java/com/tgs/tgh/dao/DBBroker.java","3","36","AccessorClassGeneration: Avoid instantiation through private constructors from outside of the constructors class.","Best Practices","AccessorClassGeneration"
"109","com.tgs.tgh.dao","src/main/java/com/tgs/tgh/dao/DBBroker.java","4","40","UnnecessaryFullyQualifiedName: Unnecessary use of fully qualified name 'SingletonHolder.singleton' due to existing same package import 'com.tgs.tgh.dao.*'","Code Style","UnnecessaryFullyQualifiedName"
"110","com.tgs.tgh.dao","src/main/java/com/tgs/tgh/dao/DBBroker.java","4","40","UnnecessaryFullyQualifiedName: Unnecessary use of fully qualified name 'SingletonHolder.singleton' due to existing same package import 'com.tgs.tgh.dao.*'","Code Style","UnnecessaryFullyQualifiedName"
"111","com.tgs.tgh.dao","src/main/java/com/tgs/tgh/dao/DBBroker.java","4","49","SimplifyBooleanReturns: Avoid unnecessary if..then..else statements when returning booleans","Design","SimplifyBooleanReturns"
"112","com.tgs.tgh.dao","src/main/java/com/tgs/tgh/dao/DBBroker.java","4","49","SimplifyBooleanReturns: Avoid unnecessary if..then..else statements when returning booleans","Design","SimplifyBooleanReturns"
"113","com.tgs.tgh.dao","src/main/java/com/tgs/tgh/dao/DBBroker.java","3","50","ControlStatementBraces: This statement should have braces","Code Style","ControlStatementBraces"
"114","com.tgs.tgh.dao","src/main/java/com/tgs/tgh/dao/DBBroker.java","3","50","ControlStatementBraces: This statement should have braces","Code Style","ControlStatementBraces"
"115","com.tgs.tgh.dao","src/main/java/com/tgs/tgh/dao/DBBroker.java","3","50","OnlyOneReturn: A method should have only one exit point, and that should be the last statement in the method","Code Style","OnlyOneReturn"
"116","com.tgs.tgh.dao","src/main/java/com/tgs/tgh/dao/DBBroker.java","3","50","OnlyOneReturn: A method should have only one exit point, and that should be the last statement in the method","Code Style","OnlyOneReturn"
"117","com.tgs.tgh.dao","src/main/java/com/tgs/tgh/dao/DBBroker.java","3","62","ControlStatementBraces: This statement should have braces","Code Style","ControlStatementBraces"
"118","com.tgs.tgh.dao","src/main/java/com/tgs/tgh/dao/DBBroker.java","3","62","ControlStatementBraces: This statement should have braces","Code Style","ControlStatementBraces"
"119","com.tgs.tgh.dao","src/main/java/com/tgs/tgh/dao/DBBroker.java","3","62","OnlyOneReturn: A method should have only one exit point, and that should be the last statement in the method","Code Style","OnlyOneReturn"
"120","com.tgs.tgh.dao","src/main/java/com/tgs/tgh/dao/DBBroker.java","3","62","OnlyOneReturn: A method should have only one exit point, and that should be the last statement in the method","Code Style","OnlyOneReturn"
"121","com.tgs.tgh.dao","src/main/java/com/tgs/tgh/dao/DBBroker.java","3","72","OnlyOneReturn: A method should have only one exit point, and that should be the last statement in the method","Code Style","OnlyOneReturn"
"122","com.tgs.tgh.dao","src/main/java/com/tgs/tgh/dao/DBBroker.java","3","72","OnlyOneReturn: A method should have only one exit point, and that should be the last statement in the method","Code Style","OnlyOneReturn"
"123","com.tgs.tgh.dao","src/main/java/com/tgs/tgh/dao/DBBroker.java","3","72","UnnecessaryLocalBeforeReturn: Consider simply returning the value vs storing it in local variable 'user'","Code Style","UnnecessaryLocalBeforeReturn"
"124","com.tgs.tgh.dao","src/main/java/com/tgs/tgh/dao/DBBroker.java","3","72","UnnecessaryLocalBeforeReturn: Consider simply returning the value vs storing it in local variable 'user'","Code Style","UnnecessaryLocalBeforeReturn"
"125","com.tgs.tgh.dao","src/main/java/com/tgs/tgh/dao/DBBroker.java","3","84","ControlStatementBraces: This statement should have braces","Code Style","ControlStatementBraces"
"126","com.tgs.tgh.dao","src/main/java/com/tgs/tgh/dao/DBBroker.java","3","84","ControlStatementBraces: This statement should have braces","Code Style","ControlStatementBraces"
"127","com.tgs.tgh.dao","src/main/java/com/tgs/tgh/dao/DBBroker.java","3","84","OnlyOneReturn: A method should have only one exit point, and that should be the last statement in the method","Code Style","OnlyOneReturn"
"128","com.tgs.tgh.dao","src/main/java/com/tgs/tgh/dao/DBBroker.java","3","84","OnlyOneReturn: A method should have only one exit point, and that should be the last statement in the method","Code Style","OnlyOneReturn"
"129","com.tgs.tgh.dao","src/main/java/com/tgs/tgh/dao/DBBroker.java","3","91","UnnecessaryLocalBeforeReturn: Consider simply returning the value vs storing it in local variable 'medico'","Code Style","UnnecessaryLocalBeforeReturn"
"130","com.tgs.tgh.dao","src/main/java/com/tgs/tgh/dao/DBBroker.java","3","91","UnnecessaryLocalBeforeReturn: Consider simply returning the value vs storing it in local variable 'medico'","Code Style","UnnecessaryLocalBeforeReturn"
"131","com.tgs.tgh.dao","src/main/java/com/tgs/tgh/dao/DBBroker.java","3","101","ControlStatementBraces: This statement should have braces","Code Style","ControlStatementBraces"
"132","com.tgs.tgh.dao","src/main/java/com/tgs/tgh/dao/DBBroker.java","3","101","ControlStatementBraces: This statement should have braces","Code Style","ControlStatementBraces"
"133","com.tgs.tgh.dao","src/main/java/com/tgs/tgh/dao/DBBroker.java","3","101","OnlyOneReturn: A method should have only one exit point, and that should be the last statement in the method","Code Style","OnlyOneReturn"
"134","com.tgs.tgh.dao","src/main/java/com/tgs/tgh/dao/DBBroker.java","3","101","OnlyOneReturn: A method should have only one exit point, and that should be the last statement in the method","Code Style","OnlyOneReturn"
"135","com.tgs.tgh.dao","src/main/java/com/tgs/tgh/dao/DBBroker.java","3","107","UnnecessaryLocalBeforeReturn: Consider simply returning the value vs storing it in local variable 'paciente'","Code Style","UnnecessaryLocalBeforeReturn"
"136","com.tgs.tgh.dao","src/main/java/com/tgs/tgh/dao/DBBroker.java","3","107","UnnecessaryLocalBeforeReturn: Consider simply returning the value vs storing it in local variable 'paciente'","Code Style","UnnecessaryLocalBeforeReturn"
"137","com.tgs.tgh.dao","src/main/java/com/tgs/tgh/dao/DBBroker.java","3","117","ControlStatementBraces: This statement should have braces","Code Style","ControlStatementBraces"
"138","com.tgs.tgh.dao","src/main/java/com/tgs/tgh/dao/DBBroker.java","3","117","ControlStatementBraces: This statement should have braces","Code Style","ControlStatementBraces"
"139","com.tgs.tgh.dao","src/main/java/com/tgs/tgh/dao/DBBroker.java","3","117","OnlyOneReturn: A method should have only one exit point, and that should be the last statement in the method","Code Style","OnlyOneReturn"
"140","com.tgs.tgh.dao","src/main/java/com/tgs/tgh/dao/DBBroker.java","3","117","OnlyOneReturn: A method should have only one exit point, and that should be the last statement in the method","Code Style","OnlyOneReturn"
"141","com.tgs.tgh.dao","src/main/java/com/tgs/tgh/dao/DBBroker.java","3","122","UnnecessaryLocalBeforeReturn: Consider simply returning the value vs storing it in local variable 'gestor'","Code Style","UnnecessaryLocalBeforeReturn"
"142","com.tgs.tgh.dao","src/main/java/com/tgs/tgh/dao/DBBroker.java","3","122","UnnecessaryLocalBeforeReturn: Consider simply returning the value vs storing it in local variable 'gestor'","Code Style","UnnecessaryLocalBeforeReturn"
"143","com.tgs.tgh.dao","src/main/java/com/tgs/tgh/dao/DBBroker.java","3","166","OnlyOneReturn: A method should have only one exit point, and that should be the last statement in the method","Code Style","OnlyOneReturn"
"144","com.tgs.tgh.dao","src/main/java/com/tgs/tgh/dao/DBBroker.java","3","166","OnlyOneReturn: A method should have only one exit point, and that should be the last statement in the method","Code Style","OnlyOneReturn"
"145","com.tgs.tgh.dao","src/main/java/com/tgs/tgh/dao/DBBroker.java","3","191","OnlyOneReturn: A method should have only one exit point, and that should be the last statement in the method","Code Style","OnlyOneReturn"
"146","com.tgs.tgh.dao","src/main/java/com/tgs/tgh/dao/DBBroker.java","3","191","OnlyOneReturn: A method should have only one exit point, and that should be the last statement in the method","Code Style","OnlyOneReturn"
"147","com.tgs.tgh.dao","src/main/java/com/tgs/tgh/dao/DBBroker.java","3","208","OnlyOneReturn: A method should have only one exit point, and that should be the last statement in the method","Code Style","OnlyOneReturn"
"148","com.tgs.tgh.dao","src/main/java/com/tgs/tgh/dao/DBBroker.java","3","208","OnlyOneReturn: A method should have only one exit point, and that should be the last statement in the method","Code Style","OnlyOneReturn"
"149","com.tgs.tgh.dao","src/main/java/com/tgs/tgh/dao/DBBroker.java","3","228","AvoidInstantiatingObjectsInLoops: Avoid instantiating new objects inside loops","Performance","AvoidInstantiatingObjectsInLoops"
"150","com.tgs.tgh.dao","src/main/java/com/tgs/tgh/dao/DBBroker.java","3","228","AvoidInstantiatingObjectsInLoops: Avoid instantiating new objects inside loops","Performance","AvoidInstantiatingObjectsInLoops"
"151","com.tgs.tgh.dao","src/main/java/com/tgs/tgh/dao/DBBroker.java","3","243","AvoidInstantiatingObjectsInLoops: Avoid instantiating new objects inside loops","Performance","AvoidInstantiatingObjectsInLoops"
"152","com.tgs.tgh.dao","src/main/java/com/tgs/tgh/dao/DBBroker.java","3","243","AvoidInstantiatingObjectsInLoops: Avoid instantiating new objects inside loops","Performance","AvoidInstantiatingObjectsInLoops"
"153","com.tgs.tgh.dao","src/main/java/com/tgs/tgh/dao/DBBroker.java","2","254","SystemPrintln: System.out.println is used","Best Practices","SystemPrintln"
"154","com.tgs.tgh.dao","src/main/java/com/tgs/tgh/dao/DBBroker.java","2","254","SystemPrintln: System.out.println is used","Best Practices","SystemPrintln"
"155","com.tgs.tgh.dao","src/main/java/com/tgs/tgh/dao/DBBroker.java","2","258","SystemPrintln: System.out.println is used","Best Practices","SystemPrintln"
"156","com.tgs.tgh.dao","src/main/java/com/tgs/tgh/dao/DBBroker.java","2","258","SystemPrintln: System.out.println is used","Best Practices","SystemPrintln"
"157","com.tgs.tgh.dao","src/main/java/com/tgs/tgh/dao/DBBroker.java","3","265","UnnecessaryLocalBeforeReturn: Consider simply returning the value vs storing it in local variable 'user'","Code Style","UnnecessaryLocalBeforeReturn"
"158","com.tgs.tgh.dao","src/main/java/com/tgs/tgh/dao/DBBroker.java","3","265","UnnecessaryLocalBeforeReturn: Consider simply returning the value vs storing it in local variable 'user'","Code Style","UnnecessaryLocalBeforeReturn"
"159","com.tgs.tgh.dao","src/main/java/com/tgs/tgh/dao/DBBroker.java","3","268","LooseCoupling: Avoid using implementation types like 'ArrayList'; use the interface instead","Best Practices","LooseCoupling"
"160","com.tgs.tgh.dao","src/main/java/com/tgs/tgh/dao/DBBroker.java","3","268","LooseCoupling: Avoid using implementation types like 'ArrayList'; use the interface instead","Best Practices","LooseCoupling"
"161","com.tgs.tgh.dao","src/main/java/com/tgs/tgh/dao/DBBroker.java","3","344","LooseCoupling: Avoid using implementation types like 'ArrayList'; use the interface instead","Best Practices","LooseCoupling"
"162","com.tgs.tgh.dao","src/main/java/com/tgs/tgh/dao/DBBroker.java","3","344","LooseCoupling: Avoid using implementation types like 'ArrayList'; use the interface instead","Best Practices","LooseCoupling"
"163","com.tgs.tgh.dao","src/main/java/com/tgs/tgh/dao/DBBroker.java","3","353","AvoidInstantiatingObjectsInLoops: Avoid instantiating new objects inside loops","Performance","AvoidInstantiatingObjectsInLoops"
"164","com.tgs.tgh.dao","src/main/java/com/tgs/tgh/dao/DBBroker.java","3","353","AvoidInstantiatingObjectsInLoops: Avoid instantiating new objects inside loops","Performance","AvoidInstantiatingObjectsInLoops"
"165","com.tgs.tgh.dao","src/main/java/com/tgs/tgh/dao/DBBroker.java","3","358","AvoidPrintStackTrace: Avoid printStackTrace(); use a logger call instead.","Best Practices","AvoidPrintStackTrace"
"166","com.tgs.tgh.dao","src/main/java/com/tgs/tgh/dao/DBBroker.java","3","358","AvoidPrintStackTrace: Avoid printStackTrace(); use a logger call instead.","Best Practices","AvoidPrintStackTrace"
"167","com.tgs.tgh.dao","src/main/java/com/tgs/tgh/dao/EspecialidadDAO.java","3","9","LooseCoupling: Avoid using implementation types like 'ArrayList'; use the interface instead","Best Practices","LooseCoupling"
"168","com.tgs.tgh.dao","src/main/java/com/tgs/tgh/dao/EspecialidadDAO.java","3","9","LooseCoupling: Avoid using implementation types like 'ArrayList'; use the interface instead","Best Practices","LooseCoupling"
"169","com.tgs.tgh.dao","src/main/java/com/tgs/tgh/dao/EspecialidadDAO.java","4","10","UnnecessaryFullyQualifiedName: Unnecessary use of fully qualified name 'DBBroker.get' due to existing same package import 'com.tgs.tgh.dao.*'","Code Style","UnnecessaryFullyQualifiedName"
"170","com.tgs.tgh.dao","src/main/java/com/tgs/tgh/dao/EspecialidadDAO.java","4","10","UnnecessaryFullyQualifiedName: Unnecessary use of fully qualified name 'DBBroker.get' due to existing same package import 'com.tgs.tgh.dao.*'","Code Style","UnnecessaryFullyQualifiedName"
"171","com.tgs.tgh.dao","src/main/java/com/tgs/tgh/dao/EspecialidadDAO.java","2","11","SystemPrintln: System.out.println is used","Best Practices","SystemPrintln"
"172","com.tgs.tgh.dao","src/main/java/com/tgs/tgh/dao/EspecialidadDAO.java","2","11","SystemPrintln: System.out.println is used","Best Practices","SystemPrintln"
"173","com.tgs.tgh.dao","src/main/java/com/tgs/tgh/dao/EspecialidadDAO.java","2","14","SystemPrintln: System.out.println is used","Best Practices","SystemPrintln"
"174","com.tgs.tgh.dao","src/main/java/com/tgs/tgh/dao/EspecialidadDAO.java","2","14","SystemPrintln: System.out.println is used","Best Practices","SystemPrintln"
"175","com.tgs.tgh.dao","src/main/java/com/tgs/tgh/dao/EspecialidadDAO.java","3","18","AvoidInstantiatingObjectsInLoops: Avoid instantiating new objects inside loops","Performance","AvoidInstantiatingObjectsInLoops"
"176","com.tgs.tgh.dao","src/main/java/com/tgs/tgh/dao/EspecialidadDAO.java","3","18","AvoidInstantiatingObjectsInLoops: Avoid instantiating new objects inside loops","Performance","AvoidInstantiatingObjectsInLoops"
"177","com.tgs.tgh.dao","src/main/java/com/tgs/tgh/dao/EspecialidadDAO.java","4","27","UnnecessaryFullyQualifiedName: Unnecessary use of fully qualified name 'DBBroker.get' due to existing same package import 'com.tgs.tgh.dao.*'","Code Style","UnnecessaryFullyQualifiedName"
"178","com.tgs.tgh.dao","src/main/java/com/tgs/tgh/dao/EspecialidadDAO.java","4","27","UnnecessaryFullyQualifiedName: Unnecessary use of fully qualified name 'DBBroker.get' due to existing same package import 'com.tgs.tgh.dao.*'","Code Style","UnnecessaryFullyQualifiedName"
"179","com.tgs.tgh.dao","src/main/java/com/tgs/tgh/dao/EspecialidadDAO.java","3","30","UnnecessaryLocalBeforeReturn: Consider simply returning the value vs storing it in local variable 'duracion'","Code Style","UnnecessaryLocalBeforeReturn"
"180","com.tgs.tgh.dao","src/main/java/com/tgs/tgh/dao/EspecialidadDAO.java","3","30","UnnecessaryLocalBeforeReturn: Consider simply returning the value vs storing it in local variable 'duracion'","Code Style","UnnecessaryLocalBeforeReturn"
"181","com.tgs.tgh.dao","src/main/java/com/tgs/tgh/dao/GestorDAO.java","4","18","UnnecessaryFullyQualifiedName: Unnecessary use of fully qualified name 'DBBroker.get' due to existing same package import 'com.tgs.tgh.dao.*'","Code Style","UnnecessaryFullyQualifiedName"
"182","com.tgs.tgh.dao","src/main/java/com/tgs/tgh/dao/GestorDAO.java","4","18","UnnecessaryFullyQualifiedName: Unnecessary use of fully qualified name 'DBBroker.get' due to existing same package import 'com.tgs.tgh.dao.*'","Code Style","UnnecessaryFullyQualifiedName"
"183","com.tgs.tgh.dao","src/main/java/com/tgs/tgh/dao/GestorDAO.java","3","19","UnnecessaryLocalBeforeReturn: Consider simply returning the value vs storing it in local variable 'gestor'","Code Style","UnnecessaryLocalBeforeReturn"
"184","com.tgs.tgh.dao","src/main/java/com/tgs/tgh/dao/GestorDAO.java","3","19","UnnecessaryLocalBeforeReturn: Consider simply returning the value vs storing it in local variable 'gestor'","Code Style","UnnecessaryLocalBeforeReturn"
"185","com.tgs.tgh.dao","src/main/java/com/tgs/tgh/dao/GestorDAO.java","4","23","UnnecessaryFullyQualifiedName: Unnecessary use of fully qualified name 'DBBroker.get' due to existing same package import 'com.tgs.tgh.dao.*'","Code Style","UnnecessaryFullyQualifiedName"
"186","com.tgs.tgh.dao","src/main/java/com/tgs/tgh/dao/GestorDAO.java","4","23","UnnecessaryFullyQualifiedName: Unnecessary use of fully qualified name 'DBBroker.get' due to existing same package import 'com.tgs.tgh.dao.*'","Code Style","UnnecessaryFullyQualifiedName"
"187","com.tgs.tgh.dao","src/main/java/com/tgs/tgh/dao/GestorDAO.java","1","25","AvoidThrowingRawExceptionTypes: Avoid throwing raw exception types.","Design","AvoidThrowingRawExceptionTypes"
"188","com.tgs.tgh.dao","src/main/java/com/tgs/tgh/dao/GestorDAO.java","1","25","AvoidThrowingRawExceptionTypes: Avoid throwing raw exception types.","Design","AvoidThrowingRawExceptionTypes"
"189","com.tgs.tgh.dao","src/main/java/com/tgs/tgh/dao/GestorDAO.java","3","29","LooseCoupling: Avoid using implementation types like 'ArrayList'; use the interface instead","Best Practices","LooseCoupling"
"190","com.tgs.tgh.dao","src/main/java/com/tgs/tgh/dao/GestorDAO.java","3","29","LooseCoupling: Avoid using implementation types like 'ArrayList'; use the interface instead","Best Practices","LooseCoupling"
"191","com.tgs.tgh.dao","src/main/java/com/tgs/tgh/dao/GestorDAO.java","4","30","UnnecessaryFullyQualifiedName: Unnecessary use of fully qualified name 'DBBroker.get' due to existing same package import 'com.tgs.tgh.dao.*'","Code Style","UnnecessaryFullyQualifiedName"
"192","com.tgs.tgh.dao","src/main/java/com/tgs/tgh/dao/GestorDAO.java","4","30","UnnecessaryFullyQualifiedName: Unnecessary use of fully qualified name 'DBBroker.get' due to existing same package import 'com.tgs.tgh.dao.*'","Code Style","UnnecessaryFullyQualifiedName"
"193","com.tgs.tgh.dao","src/main/java/com/tgs/tgh/dao/GestorDAO.java","2","31","SystemPrintln: System.out.println is used","Best Practices","SystemPrintln"
"194","com.tgs.tgh.dao","src/main/java/com/tgs/tgh/dao/GestorDAO.java","2","31","SystemPrintln: System.out.println is used","Best Practices","SystemPrintln"
"195","com.tgs.tgh.dao","src/main/java/com/tgs/tgh/dao/GestorDAO.java","2","34","SystemPrintln: System.out.println is used","Best Practices","SystemPrintln"
"196","com.tgs.tgh.dao","src/main/java/com/tgs/tgh/dao/GestorDAO.java","2","34","SystemPrintln: System.out.println is used","Best Practices","SystemPrintln"
"197","com.tgs.tgh.dao","src/main/java/com/tgs/tgh/dao/GestorDAO.java","3","36","AvoidInstantiatingObjectsInLoops: Avoid instantiating new objects inside loops","Performance","AvoidInstantiatingObjectsInLoops"
"198","com.tgs.tgh.dao","src/main/java/com/tgs/tgh/dao/GestorDAO.java","3","36","AvoidInstantiatingObjectsInLoops: Avoid instantiating new objects inside loops","Performance","AvoidInstantiatingObjectsInLoops"
"199","com.tgs.tgh.dao","src/main/java/com/tgs/tgh/dao/GestorDAO.java","4","53","UnnecessaryFullyQualifiedName: Unnecessary use of fully qualified name 'DBBroker.get' due to existing same package import 'com.tgs.tgh.dao.*'","Code Style","UnnecessaryFullyQualifiedName"
"200","com.tgs.tgh.dao","src/main/java/com/tgs/tgh/dao/GestorDAO.java","4","53","UnnecessaryFullyQualifiedName: Unnecessary use of fully qualified name 'DBBroker.get' due to existing same package import 'com.tgs.tgh.dao.*'","Code Style","UnnecessaryFullyQualifiedName"
"201","com.tgs.tgh.dao","src/main/java/com/tgs/tgh/dao/GrupoMedicoDAO.java","3","8","LooseCoupling: Avoid using implementation types like 'ArrayList'; use the interface instead","Best Practices","LooseCoupling"
"202","com.tgs.tgh.dao","src/main/java/com/tgs/tgh/dao/GrupoMedicoDAO.java","3","8","LooseCoupling: Avoid using implementation types like 'ArrayList'; use the interface instead","Best Practices","LooseCoupling"
"203","com.tgs.tgh.dao","src/main/java/com/tgs/tgh/dao/GrupoMedicoDAO.java","4","9","UnnecessaryFullyQualifiedName: Unnecessary use of fully qualified name 'DBBroker.get' due to existing same package import 'com.tgs.tgh.dao.*'","Code Style","UnnecessaryFullyQualifiedName"
"204","com.tgs.tgh.dao","src/main/java/com/tgs/tgh/dao/GrupoMedicoDAO.java","4","9","UnnecessaryFullyQualifiedName: Unnecessary use of fully qualified name 'DBBroker.get' due to existing same package import 'com.tgs.tgh.dao.*'","Code Style","UnnecessaryFullyQualifiedName"
"205","com.tgs.tgh.dao","src/main/java/com/tgs/tgh/dao/HorarioMedicoDAO.java","3","4","UnusedImports: Avoid unused imports such as 'java.util.HashMap'","Best Practices","UnusedImports"
"206","com.tgs.tgh.dao","src/main/java/com/tgs/tgh/dao/HorarioMedicoDAO.java","3","4","UnusedImports: Avoid unused imports such as 'java.util.HashMap'","Best Practices","UnusedImports"
"207","com.tgs.tgh.dao","src/main/java/com/tgs/tgh/dao/HorarioMedicoDAO.java","3","5","UnusedImports: Avoid unused imports such as 'java.util.List'","Best Practices","UnusedImports"
"208","com.tgs.tgh.dao","src/main/java/com/tgs/tgh/dao/HorarioMedicoDAO.java","3","5","UnusedImports: Avoid unused imports such as 'java.util.List'","Best Practices","UnusedImports"
"209","com.tgs.tgh.dao","src/main/java/com/tgs/tgh/dao/HorarioMedicoDAO.java","3","11","UnusedImports: Avoid unused imports such as 'com.tgs.tgh.model.Medico'","Best Practices","UnusedImports"
"210","com.tgs.tgh.dao","src/main/java/com/tgs/tgh/dao/HorarioMedicoDAO.java","3","11","UnusedImports: Avoid unused imports such as 'com.tgs.tgh.model.Medico'","Best Practices","UnusedImports"
"211","com.tgs.tgh.dao","src/main/java/com/tgs/tgh/dao/HorarioMedicoDAO.java","4","17","UnnecessaryFullyQualifiedName: Unnecessary use of fully qualified name 'DBBroker.get' due to existing same package import 'com.tgs.tgh.dao.*'","Code Style","UnnecessaryFullyQualifiedName"
"212","com.tgs.tgh.dao","src/main/java/com/tgs/tgh/dao/HorarioMedicoDAO.java","4","17","UnnecessaryFullyQualifiedName: Unnecessary use of fully qualified name 'DBBroker.get' due to existing same package import 'com.tgs.tgh.dao.*'","Code Style","UnnecessaryFullyQualifiedName"
"213","com.tgs.tgh.dao","src/main/java/com/tgs/tgh/dao/HorarioMedicoDAO.java","3","21","AvoidInstantiatingObjectsInLoops: Avoid instantiating new objects inside loops","Performance","AvoidInstantiatingObjectsInLoops"
"214","com.tgs.tgh.dao","src/main/java/com/tgs/tgh/dao/HorarioMedicoDAO.java","3","21","AvoidInstantiatingObjectsInLoops: Avoid instantiating new objects inside loops","Performance","AvoidInstantiatingObjectsInLoops"
"215","com.tgs.tgh.dao","src/main/java/com/tgs/tgh/dao/HorarioMedicoDAO.java","4","31","UnnecessaryFullyQualifiedName: Unnecessary use of fully qualified name 'DBBroker.get' due to existing same package import 'com.tgs.tgh.dao.*'","Code Style","UnnecessaryFullyQualifiedName"
"216","com.tgs.tgh.dao","src/main/java/com/tgs/tgh/dao/HorarioMedicoDAO.java","4","31","UnnecessaryFullyQualifiedName: Unnecessary use of fully qualified name 'DBBroker.get' due to existing same package import 'com.tgs.tgh.dao.*'","Code Style","UnnecessaryFullyQualifiedName"
"217","com.tgs.tgh.dao","src/main/java/com/tgs/tgh/dao/HorarioMedicoDAO.java","4","35","UnnecessaryFullyQualifiedName: Unnecessary use of fully qualified name 'DBBroker.get' due to existing same package import 'com.tgs.tgh.dao.*'","Code Style","UnnecessaryFullyQualifiedName"
"218","com.tgs.tgh.dao","src/main/java/com/tgs/tgh/dao/HorarioMedicoDAO.java","4","35","UnnecessaryFullyQualifiedName: Unnecessary use of fully qualified name 'DBBroker.get' due to existing same package import 'com.tgs.tgh.dao.*'","Code Style","UnnecessaryFullyQualifiedName"
"219","com.tgs.tgh.dao","src/main/java/com/tgs/tgh/dao/MedicoDAO.java","4","9","UnnecessaryFullyQualifiedName: Unnecessary use of fully qualified name 'DBBroker.get' due to existing same package import 'com.tgs.tgh.dao.*'","Code Style","UnnecessaryFullyQualifiedName"
"220","com.tgs.tgh.dao","src/main/java/com/tgs/tgh/dao/MedicoDAO.java","4","9","UnnecessaryFullyQualifiedName: Unnecessary use of fully qualified name 'DBBroker.get' due to existing same package import 'com.tgs.tgh.dao.*'","Code Style","UnnecessaryFullyQualifiedName"
"221","com.tgs.tgh.dao","src/main/java/com/tgs/tgh/dao/MedicoDAO.java","3","10","UnnecessaryLocalBeforeReturn: Consider simply returning the value vs storing it in local variable 'medico'","Code Style","UnnecessaryLocalBeforeReturn"
"222","com.tgs.tgh.dao","src/main/java/com/tgs/tgh/dao/MedicoDAO.java","3","10","UnnecessaryLocalBeforeReturn: Consider simply returning the value vs storing it in local variable 'medico'","Code Style","UnnecessaryLocalBeforeReturn"
"223","com.tgs.tgh.dao","src/main/java/com/tgs/tgh/dao/MedicoDAO.java","4","14","UnnecessaryFullyQualifiedName: Unnecessary use of fully qualified name 'DBBroker.get' due to existing same package import 'com.tgs.tgh.dao.*'","Code Style","UnnecessaryFullyQualifiedName"
"224","com.tgs.tgh.dao","src/main/java/com/tgs/tgh/dao/MedicoDAO.java","4","14","UnnecessaryFullyQualifiedName: Unnecessary use of fully qualified name 'DBBroker.get' due to existing same package import 'com.tgs.tgh.dao.*'","Code Style","UnnecessaryFullyQualifiedName"
"225","com.tgs.tgh.dao","src/main/java/com/tgs/tgh/dao/MedicoDAO.java","4","18","UnnecessaryFullyQualifiedName: Unnecessary use of fully qualified name 'DBBroker.get' due to existing same package import 'com.tgs.tgh.dao.*'","Code Style","UnnecessaryFullyQualifiedName"
"226","com.tgs.tgh.dao","src/main/java/com/tgs/tgh/dao/MedicoDAO.java","4","18","UnnecessaryFullyQualifiedName: Unnecessary use of fully qualified name 'DBBroker.get' due to existing same package import 'com.tgs.tgh.dao.*'","Code Style","UnnecessaryFullyQualifiedName"
"227","com.tgs.tgh.dao","src/main/java/com/tgs/tgh/dao/MedicoDAO.java","1","20","AvoidThrowingRawExceptionTypes: Avoid throwing raw exception types.","Design","AvoidThrowingRawExceptionTypes"
"228","com.tgs.tgh.dao","src/main/java/com/tgs/tgh/dao/MedicoDAO.java","1","20","AvoidThrowingRawExceptionTypes: Avoid throwing raw exception types.","Design","AvoidThrowingRawExceptionTypes"
"229","com.tgs.tgh.dao","src/main/java/com/tgs/tgh/dao/PacienteDAO.java","4","9","UnnecessaryFullyQualifiedName: Unnecessary use of fully qualified name 'DBBroker.get' due to existing same package import 'com.tgs.tgh.dao.*'","Code Style","UnnecessaryFullyQualifiedName"
"230","com.tgs.tgh.dao","src/main/java/com/tgs/tgh/dao/PacienteDAO.java","4","9","UnnecessaryFullyQualifiedName: Unnecessary use of fully qualified name 'DBBroker.get' due to existing same package import 'com.tgs.tgh.dao.*'","Code Style","UnnecessaryFullyQualifiedName"
"231","com.tgs.tgh.dao","src/main/java/com/tgs/tgh/dao/PacienteDAO.java","3","10","UnnecessaryLocalBeforeReturn: Consider simply returning the value vs storing it in local variable 'paciente'","Code Style","UnnecessaryLocalBeforeReturn"
"232","com.tgs.tgh.dao","src/main/java/com/tgs/tgh/dao/PacienteDAO.java","3","10","UnnecessaryLocalBeforeReturn: Consider simply returning the value vs storing it in local variable 'paciente'","Code Style","UnnecessaryLocalBeforeReturn"
"233","com.tgs.tgh.dao","src/main/java/com/tgs/tgh/dao/PacienteDAO.java","4","14","UnnecessaryFullyQualifiedName: Unnecessary use of fully qualified name 'DBBroker.get' due to existing same package import 'com.tgs.tgh.dao.*'","Code Style","UnnecessaryFullyQualifiedName"
"234","com.tgs.tgh.dao","src/main/java/com/tgs/tgh/dao/PacienteDAO.java","4","14","UnnecessaryFullyQualifiedName: Unnecessary use of fully qualified name 'DBBroker.get' due to existing same package import 'com.tgs.tgh.dao.*'","Code Style","UnnecessaryFullyQualifiedName"
"235","com.tgs.tgh.dao","src/main/java/com/tgs/tgh/dao/PacienteDAO.java","4","18","UnnecessaryFullyQualifiedName: Unnecessary use of fully qualified name 'DBBroker.get' due to existing same package import 'com.tgs.tgh.dao.*'","Code Style","UnnecessaryFullyQualifiedName"
"236","com.tgs.tgh.dao","src/main/java/com/tgs/tgh/dao/PacienteDAO.java","4","18","UnnecessaryFullyQualifiedName: Unnecessary use of fully qualified name 'DBBroker.get' due to existing same package import 'com.tgs.tgh.dao.*'","Code Style","UnnecessaryFullyQualifiedName"
"237","com.tgs.tgh.dao","src/main/java/com/tgs/tgh/dao/PacienteDAO.java","1","20","AvoidThrowingRawExceptionTypes: Avoid throwing raw exception types.","Design","AvoidThrowingRawExceptionTypes"
"238","com.tgs.tgh.dao","src/main/java/com/tgs/tgh/dao/PacienteDAO.java","1","20","AvoidThrowingRawExceptionTypes: Avoid throwing raw exception types.","Design","AvoidThrowingRawExceptionTypes"
"239","com.tgs.tgh.dao","src/main/java/com/tgs/tgh/dao/PacienteDAO.java","4","25","UnnecessaryFullyQualifiedName: Unnecessary use of fully qualified name 'DBBroker.get' due to existing same package import 'com.tgs.tgh.dao.*'","Code Style","UnnecessaryFullyQualifiedName"
"240","com.tgs.tgh.dao","src/main/java/com/tgs/tgh/dao/PacienteDAO.java","4","25","UnnecessaryFullyQualifiedName: Unnecessary use of fully qualified name 'DBBroker.get' due to existing same package import 'com.tgs.tgh.dao.*'","Code Style","UnnecessaryFullyQualifiedName"
"241","com.tgs.tgh.dao","src/main/java/com/tgs/tgh/dao/PacienteDAO.java","4","29","UnnecessaryFullyQualifiedName: Unnecessary use of fully qualified name 'DBBroker.get' due to existing same package import 'com.tgs.tgh.dao.*'","Code Style","UnnecessaryFullyQualifiedName"
"242","com.tgs.tgh.dao","src/main/java/com/tgs/tgh/dao/PacienteDAO.java","4","29","UnnecessaryFullyQualifiedName: Unnecessary use of fully qualified name 'DBBroker.get' due to existing same package import 'com.tgs.tgh.dao.*'","Code Style","UnnecessaryFullyQualifiedName"
"243","com.tgs.tgh.dao","src/main/java/com/tgs/tgh/dao/UsuarioDAO.java","4","8","UnnecessaryFullyQualifiedName: Unnecessary use of fully qualified name 'DBBroker.get' due to existing same package import 'com.tgs.tgh.dao.*'","Code Style","UnnecessaryFullyQualifiedName"
"244","com.tgs.tgh.dao","src/main/java/com/tgs/tgh/dao/UsuarioDAO.java","4","8","UnnecessaryFullyQualifiedName: Unnecessary use of fully qualified name 'DBBroker.get' due to existing same package import 'com.tgs.tgh.dao.*'","Code Style","UnnecessaryFullyQualifiedName"
"245","com.tgs.tgh.dao","src/main/java/com/tgs/tgh/dao/UsuarioDAO.java","3","9","UnnecessaryLocalBeforeReturn: Consider simply returning the value vs storing it in local variable 'usu'","Code Style","UnnecessaryLocalBeforeReturn"
"246","com.tgs.tgh.dao","src/main/java/com/tgs/tgh/dao/UsuarioDAO.java","3","9","UnnecessaryLocalBeforeReturn: Consider simply returning the value vs storing it in local variable 'usu'","Code Style","UnnecessaryLocalBeforeReturn"
"247","com.tgs.tgh.dao","src/main/java/com/tgs/tgh/dao/UsuarioDAO.java","4","13","UnnecessaryFullyQualifiedName: Unnecessary use of fully qualified name 'DBBroker.get' due to existing same package import 'com.tgs.tgh.dao.*'","Code Style","UnnecessaryFullyQualifiedName"
"248","com.tgs.tgh.dao","src/main/java/com/tgs/tgh/dao/UsuarioDAO.java","4","13","UnnecessaryFullyQualifiedName: Unnecessary use of fully qualified name 'DBBroker.get' due to existing same package import 'com.tgs.tgh.dao.*'","Code Style","UnnecessaryFullyQualifiedName"
"249","com.tgs.tgh.dao","src/main/java/com/tgs/tgh/dao/UsuarioDAO.java","4","17","UnnecessaryFullyQualifiedName: Unnecessary use of fully qualified name 'DBBroker.get' due to existing same package import 'com.tgs.tgh.dao.*'","Code Style","UnnecessaryFullyQualifiedName"
"250","com.tgs.tgh.dao","src/main/java/com/tgs/tgh/dao/UsuarioDAO.java","4","17","UnnecessaryFullyQualifiedName: Unnecessary use of fully qualified name 'DBBroker.get' due to existing same package import 'com.tgs.tgh.dao.*'","Code Style","UnnecessaryFullyQualifiedName"
"251","com.tgs.tgh.dao","src/main/java/com/tgs/tgh/dao/UsuarioDAO.java","1","19","AvoidThrowingRawExceptionTypes: Avoid throwing raw exception types.","Design","AvoidThrowingRawExceptionTypes"
"252","com.tgs.tgh.dao","src/main/java/com/tgs/tgh/dao/UsuarioDAO.java","1","19","AvoidThrowingRawExceptionTypes: Avoid throwing raw exception types.","Design","AvoidThrowingRawExceptionTypes"
"253","com.tgs.tgh.dao","src/main/java/com/tgs/tgh/dao/UsuarioDAO.java","3","19","ControlStatementBraces: This statement should have braces","Code Style","ControlStatementBraces"
"254","com.tgs.tgh.dao","src/main/java/com/tgs/tgh/dao/UsuarioDAO.java","3","19","ControlStatementBraces: This statement should have braces","Code Style","ControlStatementBraces"
"255","com.tgs.tgh.dao","src/main/java/com/tgs/tgh/dao/UsuarioDAO.java","4","23","UnnecessaryFullyQualifiedName: Unnecessary use of fully qualified name 'DBBroker.get' due to existing same package import 'com.tgs.tgh.dao.*'","Code Style","UnnecessaryFullyQualifiedName"
"256","com.tgs.tgh.dao","src/main/java/com/tgs/tgh/dao/UsuarioDAO.java","4","23","UnnecessaryFullyQualifiedName: Unnecessary use of fully qualified name 'DBBroker.get' due to existing same package import 'com.tgs.tgh.dao.*'","Code Style","UnnecessaryFullyQualifiedName"
"257","com.tgs.tgh.dao","src/main/java/com/tgs/tgh/dao/UsuarioDAO.java","4","27","UnnecessaryFullyQualifiedName: Unnecessary use of fully qualified name 'DBBroker.get' due to existing same package import 'com.tgs.tgh.dao.*'","Code Style","UnnecessaryFullyQualifiedName"
"258","com.tgs.tgh.dao","src/main/java/com/tgs/tgh/dao/UsuarioDAO.java","4","27","UnnecessaryFullyQualifiedName: Unnecessary use of fully qualified name 'DBBroker.get' due to existing same package import 'com.tgs.tgh.dao.*'","Code Style","UnnecessaryFullyQualifiedName"
"259","com.tgs.tgh.encriptar","src/main/java/com/tgs/tgh/encriptar/Encriptador.java","3","13","LongVariable: Avoid excessively long variable names like base64EncryptedString","Code Style","LongVariable"
"260","com.tgs.tgh.encriptar","src/main/java/com/tgs/tgh/encriptar/Encriptador.java","3","13","LongVariable: Avoid excessively long variable names like base64EncryptedString","Code Style","LongVariable"
"261","com.tgs.tgh.encriptar","src/main/java/com/tgs/tgh/encriptar/Encriptador.java","2","33","SystemPrintln: System.out.println is used","Best Practices","SystemPrintln"
"262","com.tgs.tgh.encriptar","src/main/java/com/tgs/tgh/encriptar/Encriptador.java","2","33","SystemPrintln: System.out.println is used","Best Practices","SystemPrintln"
"263","com.tgs.tgh.encriptar","src/main/java/com/tgs/tgh/encriptar/Encriptador.java","2","55","SystemPrintln: System.out.println is used","Best Practices","SystemPrintln"
"264","com.tgs.tgh.encriptar","src/main/java/com/tgs/tgh/encriptar/Encriptador.java","2","55","SystemPrintln: System.out.println is used","Best Practices","SystemPrintln"
"265","com.tgs.tgh.model","src/main/java/com/tgs/tgh/model/Cita.java","3","3","DataClass: The class 'Cita' is suspected to be a Data Class (WOC=0.000%, NOPA=0, NOAM=8, WMC=9)","Design","DataClass"
"266","com.tgs.tgh.model","src/main/java/com/tgs/tgh/model/Cita.java","3","3","DataClass: The class 'Cita' is suspected to be a Data Class (WOC=0.000%, NOPA=0, NOAM=8, WMC=9)","Design","DataClass"
"267","com.tgs.tgh.model","src/main/java/com/tgs/tgh/model/GrupoMedico.java","3","5","DataClass: The class 'GrupoMedico' is suspected to be a Data Class (WOC=0.000%, NOPA=0, NOAM=4, WMC=5)","Design","DataClass"
"268","com.tgs.tgh.model","src/main/java/com/tgs/tgh/model/GrupoMedico.java","3","5","DataClass: The class 'GrupoMedico' is suspected to be a Data Class (WOC=0.000%, NOPA=0, NOAM=4, WMC=5)","Design","DataClass"
"269","com.tgs.tgh.model","src/main/java/com/tgs/tgh/model/GrupoMedico.java","2","7","StringInstantiation: Avoid instantiating String objects; this is usually unnecessary.","Performance","StringInstantiation"
"270","com.tgs.tgh.model","src/main/java/com/tgs/tgh/model/GrupoMedico.java","2","7","StringInstantiation: Avoid instantiating String objects; this is usually unnecessary.","Performance","StringInstantiation"
"271","com.tgs.tgh.model","src/main/java/com/tgs/tgh/model/GrupoMedico.java","3","8","LooseCoupling: Avoid using implementation types like 'ArrayList'; use the interface instead","Best Practices","LooseCoupling"
"272","com.tgs.tgh.model","src/main/java/com/tgs/tgh/model/GrupoMedico.java","3","8","LooseCoupling: Avoid using implementation types like 'ArrayList'; use the interface instead","Best Practices","LooseCoupling"
"273","com.tgs.tgh.model","src/main/java/com/tgs/tgh/model/GrupoMedico.java","3","10","LooseCoupling: Avoid using implementation types like 'ArrayList'; use the interface instead","Best Practices","LooseCoupling"
"274","com.tgs.tgh.model","src/main/java/com/tgs/tgh/model/GrupoMedico.java","3","10","LooseCoupling: Avoid using implementation types like 'ArrayList'; use the interface instead","Best Practices","LooseCoupling"
"275","com.tgs.tgh.model","src/main/java/com/tgs/tgh/model/GrupoMedico.java","3","24","LooseCoupling: Avoid using implementation types like 'ArrayList'; use the interface instead","Best Practices","LooseCoupling"
"276","com.tgs.tgh.model","src/main/java/com/tgs/tgh/model/GrupoMedico.java","3","24","LooseCoupling: Avoid using implementation types like 'ArrayList'; use the interface instead","Best Practices","LooseCoupling"
"277","com.tgs.tgh.model","src/main/java/com/tgs/tgh/model/GrupoMedico.java","3","28","LooseCoupling: Avoid using implementation types like 'ArrayList'; use the interface instead","Best Practices","LooseCoupling"
"278","com.tgs.tgh.model","src/main/java/com/tgs/tgh/model/GrupoMedico.java","3","28","LooseCoupling: Avoid using implementation types like 'ArrayList'; use the interface instead","Best Practices","LooseCoupling"
"279","com.tgs.tgh.model","src/main/java/com/tgs/tgh/model/HorarioMedico.java","3","4","UnusedImports: Avoid unused imports such as 'java.util.List'","Best Practices","UnusedImports"
"280","com.tgs.tgh.model","src/main/java/com/tgs/tgh/model/HorarioMedico.java","3","4","UnusedImports: Avoid unused imports such as 'java.util.List'","Best Practices","UnusedImports"
"281","com.tgs.tgh.model","src/main/java/com/tgs/tgh/model/HorarioMedico.java","3","6","DataClass: The class 'HorarioMedico' is suspected to be a Data Class (WOC=0.000%, NOPA=0, NOAM=4, WMC=5)","Design","DataClass"
"282","com.tgs.tgh.model","src/main/java/com/tgs/tgh/model/HorarioMedico.java","3","6","DataClass: The class 'HorarioMedico' is suspected to be a Data Class (WOC=0.000%, NOPA=0, NOAM=4, WMC=5)","Design","DataClass"
"283","com.tgs.tgh.model","src/main/java/com/tgs/tgh/model/HorarioMedico.java","3","9","LooseCoupling: Avoid using implementation types like 'ArrayList'; use the interface instead","Best Practices","LooseCoupling"
"284","com.tgs.tgh.model","src/main/java/com/tgs/tgh/model/HorarioMedico.java","3","9","LooseCoupling: Avoid using implementation types like 'ArrayList'; use the interface instead","Best Practices","LooseCoupling"
"285","com.tgs.tgh.model","src/main/java/com/tgs/tgh/model/HorarioMedico.java","3","11","LooseCoupling: Avoid using implementation types like 'ArrayList'; use the interface instead","Best Practices","LooseCoupling"
"286","com.tgs.tgh.model","src/main/java/com/tgs/tgh/model/HorarioMedico.java","3","11","LooseCoupling: Avoid using implementation types like 'ArrayList'; use the interface instead","Best Practices","LooseCoupling"
"287","com.tgs.tgh.model","src/main/java/com/tgs/tgh/model/HorarioMedico.java","3","24","LooseCoupling: Avoid using implementation types like 'ArrayList'; use the interface instead","Best Practices","LooseCoupling"
"288","com.tgs.tgh.model","src/main/java/com/tgs/tgh/model/HorarioMedico.java","3","24","LooseCoupling: Avoid using implementation types like 'ArrayList'; use the interface instead","Best Practices","LooseCoupling"
"289","com.tgs.tgh.model","src/main/java/com/tgs/tgh/model/HorarioMedico.java","3","28","LooseCoupling: Avoid using implementation types like 'ArrayList'; use the interface instead","Best Practices","LooseCoupling"
"290","com.tgs.tgh.model","src/main/java/com/tgs/tgh/model/HorarioMedico.java","3","28","LooseCoupling: Avoid using implementation types like 'ArrayList'; use the interface instead","Best Practices","LooseCoupling"
"291","com.tgs.tgh.model","src/main/java/com/tgs/tgh/model/Medico.java","3","3","DataClass: The class 'Medico' is suspected to be a Data Class (WOC=0.000%, NOPA=0, NOAM=4, WMC=6)","Design","DataClass"
"292","com.tgs.tgh.model","src/main/java/com/tgs/tgh/model/Medico.java","3","3","DataClass: The class 'Medico' is suspected to be a Data Class (WOC=0.000%, NOPA=0, NOAM=4, WMC=6)","Design","DataClass"
"293","com.tgs.tgh.model","src/main/java/com/tgs/tgh/model/Usuario.java","3","5","UnusedImports: Avoid unused imports such as 'com.tgs.tgh.dao.UsuarioDAO'","Best Practices","UnusedImports"
"294","com.tgs.tgh.model","src/main/java/com/tgs/tgh/model/Usuario.java","3","5","UnusedImports: Avoid unused imports such as 'com.tgs.tgh.dao.UsuarioDAO'","Best Practices","UnusedImports"
"295","com.tgs.tgh.model","src/main/java/com/tgs/tgh/model/Usuario.java","3","8","DataClass: The class 'Usuario' is suspected to be a Data Class (WOC=0.000%, NOPA=0, NOAM=20, WMC=22)","Design","DataClass"
"296","com.tgs.tgh.model","src/main/java/com/tgs/tgh/model/Usuario.java","3","8","DataClass: The class 'Usuario' is suspected to be a Data Class (WOC=0.000%, NOPA=0, NOAM=20, WMC=22)","Design","DataClass"
"297","com.tgs.tgh.model","src/main/java/com/tgs/tgh/model/Usuario.java","3","10","SuspiciousConstantFieldName: The field name indicates a constant but its modifiers do not","Code Style","SuspiciousConstantFieldName"
"298","com.tgs.tgh.model","src/main/java/com/tgs/tgh/model/Usuario.java","3","10","SuspiciousConstantFieldName: The field name indicates a constant but its modifiers do not","Code Style","SuspiciousConstantFieldName"
"299","com.tgs.tgh.web","src/main/java/com/tgs/tgh/web/Manager.java","3","1","ExcessiveImports: A high number of imports can indicate a high degree of coupling within an object.","Design","ExcessiveImports"
"300","com.tgs.tgh.web","src/main/java/com/tgs/tgh/web/Manager.java","3","1","ExcessiveImports: A high number of imports can indicate a high degree of coupling within an object.","Design","ExcessiveImports"
"301","com.tgs.tgh.web","src/main/java/com/tgs/tgh/web/Manager.java","3","3","UnusedImports: Avoid unused imports such as 'java.text.DateFormat'","Best Practices","UnusedImports"
"302","com.tgs.tgh.web","src/main/java/com/tgs/tgh/web/Manager.java","3","3","UnusedImports: Avoid unused imports such as 'java.text.DateFormat'","Best Practices","UnusedImports"
"303","com.tgs.tgh.web","src/main/java/com/tgs/tgh/web/Manager.java","3","35","UnusedImports: Avoid unused imports such as 'gherkin.deps.com.google.gson.JsonObject'","Best Practices","UnusedImports"
"304","com.tgs.tgh.web","src/main/java/com/tgs/tgh/web/Manager.java","3","35","UnusedImports: Avoid unused imports such as 'gherkin.deps.com.google.gson.JsonObject'","Best Practices","UnusedImports"
"305","com.tgs.tgh.web","src/main/java/com/tgs/tgh/web/Manager.java","4","38","TooManyMethods: This class has too many methods, consider refactoring it.","Design","TooManyMethods"
"306","com.tgs.tgh.web","src/main/java/com/tgs/tgh/web/Manager.java","4","38","TooManyMethods: This class has too many methods, consider refactoring it.","Design","TooManyMethods"
"307","com.tgs.tgh.web","src/main/java/com/tgs/tgh/web/Manager.java","2","39","UnusedPrivateField: Avoid unused private fields such as 'usuarios'.","Best Practices","UnusedPrivateField"
"308","com.tgs.tgh.web","src/main/java/com/tgs/tgh/web/Manager.java","2","39","UnusedPrivateField: Avoid unused private fields such as 'usuarios'.","Best Practices","UnusedPrivateField"
"309","com.tgs.tgh.web","src/main/java/com/tgs/tgh/web/Manager.java","2","42","UnusedPrivateField: Avoid unused private fields such as 'usuDao'.","Best Practices","UnusedPrivateField"
"310","com.tgs.tgh.web","src/main/java/com/tgs/tgh/web/Manager.java","2","42","UnusedPrivateField: Avoid unused private fields such as 'usuDao'.","Best Practices","UnusedPrivateField"
"311","com.tgs.tgh.web","src/main/java/com/tgs/tgh/web/Manager.java","3","49","AccessorClassGeneration: Avoid instantiation through private constructors from outside of the constructors class.","Best Practices","AccessorClassGeneration"
"312","com.tgs.tgh.web","src/main/java/com/tgs/tgh/web/Manager.java","3","49","AccessorClassGeneration: Avoid instantiation through private constructors from outside of the constructors class.","Best Practices","AccessorClassGeneration"
"313","com.tgs.tgh.web","src/main/java/com/tgs/tgh/web/Manager.java","4","54","UnnecessaryFullyQualifiedName: Unnecessary use of fully qualified name 'ManagerHolder.singleton' due to existing same package import 'com.tgs.tgh.web.*'","Code Style","UnnecessaryFullyQualifiedName"
"314","com.tgs.tgh.web","src/main/java/com/tgs/tgh/web/Manager.java","4","54","UnnecessaryFullyQualifiedName: Unnecessary use of fully qualified name 'ManagerHolder.singleton' due to existing same package import 'com.tgs.tgh.web.*'","Code Style","UnnecessaryFullyQualifiedName"
"315","com.tgs.tgh.web","src/main/java/com/tgs/tgh/web/Manager.java","3","59","UnnecessaryLocalBeforeReturn: Consider simply returning the value vs storing it in local variable 'comprobar'","Code Style","UnnecessaryLocalBeforeReturn"
"316","com.tgs.tgh.web","src/main/java/com/tgs/tgh/web/Manager.java","3","59","UnnecessaryLocalBeforeReturn: Consider simply returning the value vs storing it in local variable 'comprobar'","Code Style","UnnecessaryLocalBeforeReturn"
"317","com.tgs.tgh.web","src/main/java/com/tgs/tgh/web/Manager.java","3","65","ControlStatementBraces: This statement should have braces","Code Style","ControlStatementBraces"
"318","com.tgs.tgh.web","src/main/java/com/tgs/tgh/web/Manager.java","3","65","ControlStatementBraces: This statement should have braces","Code Style","ControlStatementBraces"
"319","com.tgs.tgh.web","src/main/java/com/tgs/tgh/web/Manager.java","3","65","OnlyOneReturn: A method should have only one exit point, and that should be the last statement in the method","Code Style","OnlyOneReturn"
"320","com.tgs.tgh.web","src/main/java/com/tgs/tgh/web/Manager.java","3","65","OnlyOneReturn: A method should have only one exit point, and that should be the last statement in the method","Code Style","OnlyOneReturn"
"321","com.tgs.tgh.web","src/main/java/com/tgs/tgh/web/Manager.java","2","66","SystemPrintln: System.out.println is used","Best Practices","SystemPrintln"
"322","com.tgs.tgh.web","src/main/java/com/tgs/tgh/web/Manager.java","2","66","SystemPrintln: System.out.println is used","Best Practices","SystemPrintln"
"323","com.tgs.tgh.web","src/main/java/com/tgs/tgh/web/Manager.java","2","156","SystemPrintln: System.out.println is used","Best Practices","SystemPrintln"
"324","com.tgs.tgh.web","src/main/java/com/tgs/tgh/web/Manager.java","2","156","SystemPrintln: System.out.println is used","Best Practices","SystemPrintln"
"325","com.tgs.tgh.web","src/main/java/com/tgs/tgh/web/Manager.java","2","161","SystemPrintln: System.out.println is used","Best Practices","SystemPrintln"
"326","com.tgs.tgh.web","src/main/java/com/tgs/tgh/web/Manager.java","2","161","SystemPrintln: System.out.println is used","Best Practices","SystemPrintln"
"327","com.tgs.tgh.web","src/main/java/com/tgs/tgh/web/Manager.java","3","163","AvoidInstantiatingObjectsInLoops: Avoid instantiating new objects inside loops","Performance","AvoidInstantiatingObjectsInLoops"
"328","com.tgs.tgh.web","src/main/java/com/tgs/tgh/web/Manager.java","3","163","AvoidInstantiatingObjectsInLoops: Avoid instantiating new objects inside loops","Performance","AvoidInstantiatingObjectsInLoops"
"329","com.tgs.tgh.web","src/main/java/com/tgs/tgh/web/Manager.java","3","223","AvoidInstantiatingObjectsInLoops: Avoid instantiating new objects inside loops","Performance","AvoidInstantiatingObjectsInLoops"
"330","com.tgs.tgh.web","src/main/java/com/tgs/tgh/web/Manager.java","3","223","AvoidInstantiatingObjectsInLoops: Avoid instantiating new objects inside loops","Performance","AvoidInstantiatingObjectsInLoops"
"331","com.tgs.tgh.web","src/main/java/com/tgs/tgh/web/Manager.java","3","247","ForLoopCanBeForeach: This for loop can be replaced by a foreach loop","Best Practices","ForLoopCanBeForeach"
"332","com.tgs.tgh.web","src/main/java/com/tgs/tgh/web/Manager.java","3","247","ForLoopCanBeForeach: This for loop can be replaced by a foreach loop","Best Practices","ForLoopCanBeForeach"
"333","com.tgs.tgh.web","src/main/java/com/tgs/tgh/web/Manager.java","3","253","ControlStatementBraces: This statement should have braces","Code Style","ControlStatementBraces"
"334","com.tgs.tgh.web","src/main/java/com/tgs/tgh/web/Manager.java","3","253","ControlStatementBraces: This statement should have braces","Code Style","ControlStatementBraces"
"335","com.tgs.tgh.web","src/main/java/com/tgs/tgh/web/Manager.java","2","281","SystemPrintln: System.out.println is used","Best Practices","SystemPrintln"
"336","com.tgs.tgh.web","src/main/java/com/tgs/tgh/web/Manager.java","2","281","SystemPrintln: System.out.println is used","Best Practices","SystemPrintln"
"337","com.tgs.tgh.web","src/main/java/com/tgs/tgh/web/Manager.java","2","283","SystemPrintln: System.out.println is used","Best Practices","SystemPrintln"
"338","com.tgs.tgh.web","src/main/java/com/tgs/tgh/web/Manager.java","2","283","SystemPrintln: System.out.println is used","Best Practices","SystemPrintln"
"339","com.tgs.tgh.web","src/main/java/com/tgs/tgh/web/Manager.java","3","287","AvoidPrintStackTrace: Avoid printStackTrace(); use a logger call instead.","Best Practices","AvoidPrintStackTrace"
"340","com.tgs.tgh.web","src/main/java/com/tgs/tgh/web/Manager.java","3","287","AvoidPrintStackTrace: Avoid printStackTrace(); use a logger call instead.","Best Practices","AvoidPrintStackTrace"
"341","com.tgs.tgh.web","src/main/java/com/tgs/tgh/web/Manager.java","2","293","SystemPrintln: System.out.println is used","Best Practices","SystemPrintln"
"342","com.tgs.tgh.web","src/main/java/com/tgs/tgh/web/Manager.java","2","293","SystemPrintln: System.out.println is used","Best Practices","SystemPrintln"
"343","com.tgs.tgh.web","src/main/java/com/tgs/tgh/web/Manager.java","3","294","LongVariable: Avoid excessively long variable names like calendarPonerPrimeraHora","Code Style","LongVariable"
"344","com.tgs.tgh.web","src/main/java/com/tgs/tgh/web/Manager.java","3","294","LongVariable: Avoid excessively long variable names like calendarPonerPrimeraHora","Code Style","LongVariable"
"345","com.tgs.tgh.web","src/main/java/com/tgs/tgh/web/Manager.java","2","299","SystemPrintln: System.out.println is used","Best Practices","SystemPrintln"
"346","com.tgs.tgh.web","src/main/java/com/tgs/tgh/web/Manager.java","2","299","SystemPrintln: System.out.println is used","Best Practices","SystemPrintln"
"347","com.tgs.tgh.web","src/main/java/com/tgs/tgh/web/Manager.java","3","300","ForLoopCanBeForeach: This for loop can be replaced by a foreach loop","Best Practices","ForLoopCanBeForeach"
"348","com.tgs.tgh.web","src/main/java/com/tgs/tgh/web/Manager.java","3","300","ForLoopCanBeForeach: This for loop can be replaced by a foreach loop","Best Practices","ForLoopCanBeForeach"
"349","com.tgs.tgh.web","src/main/java/com/tgs/tgh/web/Manager.java","2","315","SystemPrintln: System.out.println is used","Best Practices","SystemPrintln"
"350","com.tgs.tgh.web","src/main/java/com/tgs/tgh/web/Manager.java","2","315","SystemPrintln: System.out.println is used","Best Practices","SystemPrintln"
"351","com.tgs.tgh.web","src/main/java/com/tgs/tgh/web/Manager.java","3","320","AvoidPrintStackTrace: Avoid printStackTrace(); use a logger call instead.","Best Practices","AvoidPrintStackTrace"
"352","com.tgs.tgh.web","src/main/java/com/tgs/tgh/web/Manager.java","3","320","AvoidPrintStackTrace: Avoid printStackTrace(); use a logger call instead.","Best Practices","AvoidPrintStackTrace"
"353","com.tgs.tgh.web","src/main/java/com/tgs/tgh/web/Manager.java","3","322","ControlStatementBraces: This statement should have braces","Code Style","ControlStatementBraces"
"354","com.tgs.tgh.web","src/main/java/com/tgs/tgh/web/Manager.java","3","322","ControlStatementBraces: This statement should have braces","Code Style","ControlStatementBraces"
"355","com.tgs.tgh.web","src/main/java/com/tgs/tgh/web/Manager.java","3","322","ForLoopCanBeForeach: This for loop can be replaced by a foreach loop","Best Practices","ForLoopCanBeForeach"
"356","com.tgs.tgh.web","src/main/java/com/tgs/tgh/web/Manager.java","3","322","ForLoopCanBeForeach: This for loop can be replaced by a foreach loop","Best Practices","ForLoopCanBeForeach"
"357","com.tgs.tgh.web","src/main/java/com/tgs/tgh/web/Manager.java","3","333","AvoidLiteralsInIfCondition: Avoid using Literals in Conditional Statements","Error Prone","AvoidLiteralsInIfCondition"
"358","com.tgs.tgh.web","src/main/java/com/tgs/tgh/web/Manager.java","3","333","AvoidLiteralsInIfCondition: Avoid using Literals in Conditional Statements","Error Prone","AvoidLiteralsInIfCondition"
"359","com.tgs.tgh.web","src/main/java/com/tgs/tgh/web/Manager.java","3","338","AppendCharacterWithChar: Avoid appending characters as strings in StringBuffer.append.","Performance","AppendCharacterWithChar"
"360","com.tgs.tgh.web","src/main/java/com/tgs/tgh/web/Manager.java","3","338","AppendCharacterWithChar: Avoid appending characters as strings in StringBuffer.append.","Performance","AppendCharacterWithChar"
"361","com.tgs.tgh.web","src/main/java/com/tgs/tgh/web/Manager.java","3","339","AvoidLiteralsInIfCondition: Avoid using Literals in Conditional Statements","Error Prone","AvoidLiteralsInIfCondition"
"362","com.tgs.tgh.web","src/main/java/com/tgs/tgh/web/Manager.java","3","339","AvoidLiteralsInIfCondition: Avoid using Literals in Conditional Statements","Error Prone","AvoidLiteralsInIfCondition"
"363","com.tgs.tgh.web","src/main/java/com/tgs/tgh/web/Manager.java","2","354","UnusedLocalVariable: Avoid unused local variables such as 'jsoResultado'.","Best Practices","UnusedLocalVariable"
"364","com.tgs.tgh.web","src/main/java/com/tgs/tgh/web/Manager.java","2","354","UnusedLocalVariable: Avoid unused local variables such as 'jsoResultado'.","Best Practices","UnusedLocalVariable"
"365","com.tgs.tgh.web","src/main/java/com/tgs/tgh/web/Manager.java","3","356","ForLoopCanBeForeach: This for loop can be replaced by a foreach loop","Best Practices","ForLoopCanBeForeach"
"366","com.tgs.tgh.web","src/main/java/com/tgs/tgh/web/Manager.java","3","356","ForLoopCanBeForeach: This for loop can be replaced by a foreach loop","Best Practices","ForLoopCanBeForeach"
"367","com.tgs.tgh.web","src/main/java/com/tgs/tgh/web/Manager.java","3","360","AvoidInstantiatingObjectsInLoops: Avoid instantiating new objects inside loops","Performance","AvoidInstantiatingObjectsInLoops"
"368","com.tgs.tgh.web","src/main/java/com/tgs/tgh/web/Manager.java","3","360","AvoidInstantiatingObjectsInLoops: Avoid instantiating new objects inside loops","Performance","AvoidInstantiatingObjectsInLoops"
"369","com.tgs.tgh.web","src/main/java/com/tgs/tgh/web/Manager.java","3","361","AvoidInstantiatingObjectsInLoops: Avoid instantiating new objects inside loops","Performance","AvoidInstantiatingObjectsInLoops"
"370","com.tgs.tgh.web","src/main/java/com/tgs/tgh/web/Manager.java","3","361","AvoidInstantiatingObjectsInLoops: Avoid instantiating new objects inside loops","Performance","AvoidInstantiatingObjectsInLoops"
"371","com.tgs.tgh.web","src/main/java/com/tgs/tgh/web/Manager.java","3","367","AvoidPrintStackTrace: Avoid printStackTrace(); use a logger call instead.","Best Practices","AvoidPrintStackTrace"
"372","com.tgs.tgh.web","src/main/java/com/tgs/tgh/web/Manager.java","3","367","AvoidPrintStackTrace: Avoid printStackTrace(); use a logger call instead.","Best Practices","AvoidPrintStackTrace"
"373","com.tgs.tgh.web","src/main/java/com/tgs/tgh/web/Manager.java","3","370","AvoidInstantiatingObjectsInLoops: Avoid instantiating new objects inside loops","Performance","AvoidInstantiatingObjectsInLoops"
"374","com.tgs.tgh.web","src/main/java/com/tgs/tgh/web/Manager.java","3","370","AvoidInstantiatingObjectsInLoops: Avoid instantiating new objects inside loops","Performance","AvoidInstantiatingObjectsInLoops"
"375","launch","src/main/java/launch/Main.java","2","28","SystemPrintln: System.out.println is used","Best Practices","SystemPrintln"
"376","launch","src/main/java/launch/Main.java","2","28","SystemPrintln: System.out.println is used","Best Practices","SystemPrintln"
"377","launch","src/main/java/launch/Main.java","3","32","LongVariable: Avoid excessively long variable names like additionWebInfClasses","Code Style","LongVariable"
"378","launch","src/main/java/launch/Main.java","3","32","LongVariable: Avoid excessively long variable names like additionWebInfClasses","Code Style","LongVariable"
"379","com.tgs.tgh.stepDefinition","src/test/java/com/tgs/tgh/stepDefinition/AccesoSteps.java","3","1","PackageCase: Package name contains upper case characters","Code Style","PackageCase"
"380","com.tgs.tgh.stepDefinition","src/test/java/com/tgs/tgh/stepDefinition/AccesoSteps.java","3","1","PackageCase: Package name contains upper case characters","Code Style","PackageCase"
"381","com.tgs.tgh.stepDefinition","src/test/java/com/tgs/tgh/stepDefinition/AnadirCitaSteps.java","3","1","PackageCase: Package name contains upper case characters","Code Style","PackageCase"
"382","com.tgs.tgh.stepDefinition","src/test/java/com/tgs/tgh/stepDefinition/AnadirCitaSteps.java","3","1","PackageCase: Package name contains upper case characters","Code Style","PackageCase"
"383","com.tgs.tgh.stepDefinition","src/test/java/com/tgs/tgh/stepDefinition/ConsultarCitasMedicoSteps.java","3","1","PackageCase: Package name contains upper case characters","Code Style","PackageCase"
"384","com.tgs.tgh.stepDefinition","src/test/java/com/tgs/tgh/stepDefinition/ConsultarCitasMedicoSteps.java","3","1","PackageCase: Package name contains upper case characters","Code Style","PackageCase"
"385","com.tgs.tgh.stepDefinition","src/test/java/com/tgs/tgh/stepDefinition/DatosRegistroSteps.java","3","1","PackageCase: Package name contains upper case characters","Code Style","PackageCase"
"386","com.tgs.tgh.stepDefinition","src/test/java/com/tgs/tgh/stepDefinition/DatosRegistroSteps.java","3","1","PackageCase: Package name contains upper case characters","Code Style","PackageCase"
"387","com.tgs.tgh.stepDefinition","src/test/java/com/tgs/tgh/stepDefinition/EliminarCitaSteps.java","3","1","PackageCase: Package name contains upper case characters","Code Style","PackageCase"
"388","com.tgs.tgh.stepDefinition","src/test/java/com/tgs/tgh/stepDefinition/EliminarCitaSteps.java","3","1","PackageCase: Package name contains upper case characters","Code Style","PackageCase"
"389","com.tgs.tgh.stepDefinition","src/test/java/com/tgs/tgh/stepDefinition/GrupoMedicoSteps.java","3","1","PackageCase: Package name contains upper case characters","Code Style","PackageCase"
"390","com.tgs.tgh.stepDefinition","src/test/java/com/tgs/tgh/stepDefinition/GrupoMedicoSteps.java","3","1","PackageCase: Package name contains upper case characters","Code Style","PackageCase"
"391","com.tgs.tgh.stepDefinition","src/test/java/com/tgs/tgh/stepDefinition/LoginSteps.java","3","1","PackageCase: Package name contains upper case characters","Code Style","PackageCase"
"392","com.tgs.tgh.stepDefinition","src/test/java/com/tgs/tgh/stepDefinition/LoginSteps.java","3","1","PackageCase: Package name contains upper case characters","Code Style","PackageCase"
"393","com.tgs.tgh.stepDefinition","src/test/java/com/tgs/tgh/stepDefinition/LoginSteps.java","4","24","TooManyMethods: This class has too many methods, consider refactoring it.","Design","TooManyMethods"
"394","com.tgs.tgh.stepDefinition","src/test/java/com/tgs/tgh/stepDefinition/LoginSteps.java","4","24","TooManyMethods: This class has too many methods, consider refactoring it.","Design","TooManyMethods"
"395","com.tgs.tgh.stepDefinition","src/test/java/com/tgs/tgh/stepDefinition/ModificacionCentroMedicoSteps.java","3","1","PackageCase: Package name contains upper case characters","Code Style","PackageCase"
"396","com.tgs.tgh.stepDefinition","src/test/java/com/tgs/tgh/stepDefinition/ModificacionCentroMedicoSteps.java","3","1","PackageCase: Package name contains upper case characters","Code Style","PackageCase"
"397","com.tgs.tgh.stepDefinition","src/test/java/com/tgs/tgh/stepDefinition/ModificarCalendarioUsuariosSteps.java","3","1","PackageCase: Package name contains upper case characters","Code Style","PackageCase"
"398","com.tgs.tgh.stepDefinition","src/test/java/com/tgs/tgh/stepDefinition/ModificarCalendarioUsuariosSteps.java","3","1","PackageCase: Package name contains upper case characters","Code Style","PackageCase"
"399","com.tgs.tgh.stepDefinition","src/test/java/com/tgs/tgh/stepDefinition/ModificarCitaSteps.java","3","1","PackageCase: Package name contains upper case characters","Code Style","PackageCase"
"400","com.tgs.tgh.stepDefinition","src/test/java/com/tgs/tgh/stepDefinition/ModificarCitaSteps.java","3","1","PackageCase: Package name contains upper case characters","Code Style","PackageCase"
"401","com.tgs.tgh.stepDefinition","src/test/java/com/tgs/tgh/stepDefinition/ProteccionDatosSteps.java","3","1","PackageCase: Package name contains upper case characters","Code Style","PackageCase"
"402","com.tgs.tgh.stepDefinition","src/test/java/com/tgs/tgh/stepDefinition/ProteccionDatosSteps.java","3","1","PackageCase: Package name contains upper case characters","Code Style","PackageCase"
"403","com.tgs.tgh.stepDefinition","src/test/java/com/tgs/tgh/stepDefinition/Recursos.java","3","1","PackageCase: Package name contains upper case characters","Code Style","PackageCase"
"404","com.tgs.tgh.stepDefinition","src/test/java/com/tgs/tgh/stepDefinition/Recursos.java","3","1","PackageCase: Package name contains upper case characters","Code Style","PackageCase"
"405","com.tgs.tgh.stepDefinition","src/test/java/com/tgs/tgh/stepDefinition/RegisterSteps.java","3","1","PackageCase: Package name contains upper case characters","Code Style","PackageCase"
"406","com.tgs.tgh.stepDefinition","src/test/java/com/tgs/tgh/stepDefinition/RegisterSteps.java","3","1","PackageCase: Package name contains upper case characters","Code Style","PackageCase"
"407","com.tgs.tgh.stepDefinition","src/test/java/com/tgs/tgh/stepDefinition/RegistroDeTrabajadorSteps.java","3","1","PackageCase: Package name contains upper case characters","Code Style","PackageCase"
"408","com.tgs.tgh.stepDefinition","src/test/java/com/tgs/tgh/stepDefinition/RegistroDeTrabajadorSteps.java","3","1","PackageCase: Package name contains upper case characters","Code Style","PackageCase"
"409","com.tgs.tgh.stepDefinition","src/test/java/com/tgs/tgh/stepDefinition/VisualizacionCalendarioUsuariosSteps.java","3","1","PackageCase: Package name contains upper case characters","Code Style","PackageCase"
"410","com.tgs.tgh.stepDefinition","src/test/java/com/tgs/tgh/stepDefinition/VisualizacionCalendarioUsuariosSteps.java","3","1","PackageCase: Package name contains upper case characters","Code Style","PackageCase"
"411","com.tgs.tgh.stepDefinition","src/test/java/com/tgs/tgh/stepDefinition/VisualizadoDeCitasSteps.java","3","1","PackageCase: Package name contains upper case characters","Code Style","PackageCase"
"412","com.tgs.tgh.stepDefinition","src/test/java/com/tgs/tgh/stepDefinition/VisualizadoDeCitasSteps.java","3","1","PackageCase: Package name contains upper case characters","Code Style","PackageCase"
"413","com.tgs.tgh.stepDefinition","src/test/java/com/tgs/tgh/stepDefinition/WebDriver.java","3","1","PackageCase: Package name contains upper case characters","Code Style","PackageCase"
"414","com.tgs.tgh.stepDefinition","src/test/java/com/tgs/tgh/stepDefinition/WebDriver.java","3","1","PackageCase: Package name contains upper case characters","Code Style","PackageCase"
